ExpenseID,ExpenseDate,ExpenseCode,AmountSpent,Description
EXP001,2025-05-01,RENT,80000.0,Rent for Bengaluru Warehouse
EXP002,2025-05-01,SALARY,600000.0,Staff Salary (Total)
EXP003,2025-05-01,ELECTRICITY,12000.0,BESCOM Bill
EXP004,2025-05-01,INTERNET,4000.0,JioFiber Bill
EXP005,2025-05-28,EQUIPMENT,22800.28,Odio expense for retail operations.
EXP006,2025-05-01,PACKAGING,18657.09,Culpa expense for retail operations.
EXP007,2025-05-07,FREIGHT,16631.27,Voluptas expense for retail operations.
EXP008,2025-05-31,MARKETING,19243.71,Sapiente expense for retail operations.
EXP009,2025-05-15,MARKETING,8863.51,Culpa expense for retail operations.
EXP010,2025-05-04,OTHER,21764.58,Dignissimos expense for retail operations.
EXP011,2025-05-29,EQUIPMENT,11490.52,Numquam expense for retail operations.
EXP012,2025-05-22,MARKETING,24553.16,Laborum expense for retail operations.
EXP013,2025-05-16,PACKAGING,19892.32,Sapiente expense for retail operations.
EXP014,2025-05-29,FREIGHT,14339.7,Exercitationem expense for retail operations.
EXP015,2025-05-14,FREIGHT,2627.6,Reiciendis expense for retail operations.
EXP016,2025-05-15,PACKAGING,11452.4,Voluptatem expense for retail operations.
EXP017,2025-05-14,RAW_MATERIALS,16375.63,Magni expense for retail operations.
EXP018,2025-05-09,RAW_MATERIALS,12289.93,Ipsam expense for retail operations.
EXP019,2025-05-11,PACKAGING,23373.98,Officiis expense for retail operations.
EXP020,2025-05-30,OTHER,7434.02,Vel expense for retail operations.
EXP021,2025-05-21,OTHER,2050.8,Commodi expense for retail operations.
EXP022,2025-05-18,OTHER,5331.8,Illo expense for retail operations.
EXP023,2025-05-09,RAW_MATERIALS,11184.37,Ducimus expense for retail operations.
EXP024,2025-05-20,FREIGHT,3772.44,Blanditiis expense for retail operations.
EXP025,2025-05-11,PACKAGING,9610.75,Commodi expense for retail operations.
EXP026,2025-05-08,OFFICE_SUPPLIES,14535.09,Nihil expense for retail operations.
EXP027,2025-05-30,OTHER,8410.64,Veniam expense for retail operations.
EXP028,2025-05-10,RAW_MATERIALS,7252.12,Ea expense for retail operations.
EXP029,2025-05-24,EQUIPMENT,16315.42,Dolorum expense for retail operations.
EXP030,2025-05-09,RAW_MATERIALS,12701.52,Aliquid expense for retail operations.
EXP031,2025-05-27,MARKETING,7761.41,Voluptatibus expense for retail operations.
EXP032,2025-05-03,EQUIPMENT,22501.39,Mollitia expense for retail operations.
EXP033,2025-05-06,OFFICE_SUPPLIES,13781.43,Ullam expense for retail operations.
EXP034,2025-05-15,OTHER,19307.68,Veniam expense for retail operations.
EXP035,2025-05-30,PACKAGING,14212.04,Itaque expense for retail operations.
EXP036,2025-05-10,EQUIPMENT,11947.53,Sapiente expense for retail operations.
EXP037,2025-05-28,FREIGHT,6318.85,Commodi expense for retail operations.
EXP038,2025-05-06,RAW_MATERIALS,15968.92,Aperiam expense for retail operations.
EXP039,2025-05-25,RAW_MATERIALS,1750.41,A expense for retail operations.
EXP040,2025-05-04,EQUIPMENT,12339.76,Harum expense for retail operations.
EXP041,2025-05-03,OFFICE_SUPPLIES,8425.67,Explicabo expense for retail operations.
EXP042,2025-05-04,OFFICE_SUPPLIES,14094.13,Eaque expense for retail operations.
EXP043,2025-05-25,FREIGHT,23147.79,Mollitia expense for retail operations.
EXP044,2025-05-16,MARKETING,5964.08,Explicabo expense for retail operations.
EXP045,2025-05-19,RAW_MATERIALS,4712.34,Esse expense for retail operations.
EXP046,2025-05-11,RAW_MATERIALS,20949.29,Mollitia expense for retail operations.
EXP047,2025-05-06,MARKETING,18797.64,Fugiat expense for retail operations.
EXP048,2025-05-07,MARKETING,2696.08,Illum expense for retail operations.
EXP049,2025-05-17,FREIGHT,8215.55,Explicabo expense for retail operations.
EXP050,2025-05-11,OFFICE_SUPPLIES,7439.11,Eos expense for retail operations.
EXP051,2025-05-10,OFFICE_SUPPLIES,7564.96,Dolorem expense for retail operations.
EXP052,2025-05-12,PACKAGING,12133.04,Recusandae expense for retail operations.
EXP053,2025-05-03,PACKAGING,6160.68,Nihil expense for retail operations.
EXP054,2025-05-05,PACKAGING,23706.94,Repudiandae expense for retail operations.
EXP055,2025-05-27,EQUIPMENT,15828.14,Consectetur expense for retail operations.
EXP056,2025-05-03,PACKAGING,15992.36,Explicabo expense for retail operations.
EXP057,2025-05-24,OFFICE_SUPPLIES,12890.62,Dignissimos expense for retail operations.
EXP058,2025-05-14,OTHER,22885.2,Dolore expense for retail operations.
EXP059,2025-05-24,OFFICE_SUPPLIES,7229.45,Voluptas expense for retail operations.
EXP060,2025-05-10,MARKETING,8035.65,Voluptatum expense for retail operations.
EXP061,2025-05-18,FREIGHT,18000.58,Ab expense for retail operations.
EXP062,2025-05-23,RAW_MATERIALS,19609.79,Suscipit expense for retail operations.
EXP063,2025-05-22,EQUIPMENT,4725.59,Aspernatur expense for retail operations.
EXP064,2025-05-22,OFFICE_SUPPLIES,13023.12,Officiis expense for retail operations.
EXP065,2025-05-14,PACKAGING,18227.11,Suscipit expense for retail operations.
EXP066,2025-05-22,MARKETING,16549.4,Distinctio expense for retail operations.
EXP067,2025-05-26,RAW_MATERIALS,9992.12,Doloremque expense for retail operations.
EXP068,2025-05-03,OFFICE_SUPPLIES,3249.65,Numquam expense for retail operations.
EXP069,2025-05-04,OTHER,5855.08,Nam expense for retail operations.
EXP070,2025-05-16,MARKETING,3005.03,Provident expense for retail operations.
EXP071,2025-05-16,RAW_MATERIALS,15307.49,Excepturi expense for retail operations.
EXP072,2025-05-12,MARKETING,19029.86,Ipsum expense for retail operations.
EXP073,2025-05-04,FREIGHT,10443.83,Dolore expense for retail operations.
EXP074,2025-05-06,OTHER,13362.2,Officiis expense for retail operations.
EXP075,2025-05-22,OFFICE_SUPPLIES,3184.74,Quaerat expense for retail operations.
EXP076,2025-05-27,OTHER,3355.74,Architecto expense for retail operations.
EXP077,2025-05-15,OFFICE_SUPPLIES,17272.16,Sunt expense for retail operations.
EXP078,2025-05-25,OTHER,20022.5,Quae expense for retail operations.
EXP079,2025-05-28,OFFICE_SUPPLIES,3964.87,Occaecati expense for retail operations.
EXP080,2025-05-24,PACKAGING,1604.28,Quisquam expense for retail operations.
EXP081,2025-05-22,FREIGHT,1948.75,Ipsum expense for retail operations.
EXP082,2025-05-02,PACKAGING,16367.15,Velit expense for retail operations.
EXP083,2025-05-14,OFFICE_SUPPLIES,8436.11,Perspiciatis expense for retail operations.
EXP084,2025-05-07,EQUIPMENT,4329.27,Corrupti expense for retail operations.
EXP085,2025-05-14,OFFICE_SUPPLIES,9695.47,Aspernatur expense for retail operations.
EXP086,2025-05-02,OTHER,21970.95,Sed expense for retail operations.
EXP087,2025-05-16,OFFICE_SUPPLIES,2837.41,Esse expense for retail operations.
EXP088,2025-05-19,OFFICE_SUPPLIES,13066.32,Eaque expense for retail operations.
EXP089,2025-05-10,OFFICE_SUPPLIES,13296.15,Quis expense for retail operations.
EXP090,2025-05-11,FREIGHT,9509.88,Minima expense for retail operations.
EXP091,2025-05-01,OTHER,21868.97,Esse expense for retail operations.
EXP092,2025-05-15,RAW_MATERIALS,19500.14,Animi expense for retail operations.
EXP093,2025-05-15,OFFICE_SUPPLIES,16626.68,Accusantium expense for retail operations.
EXP094,2025-05-29,EQUIPMENT,6418.86,Aperiam expense for retail operations.
EXP095,2025-05-22,EQUIPMENT,8777.7,Repudiandae expense for retail operations.
EXP096,2025-05-21,MARKETING,18766.16,Aperiam expense for retail operations.
EXP097,2025-05-05,MARKETING,11935.89,Assumenda expense for retail operations.
EXP098,2025-05-13,FREIGHT,7642.09,Vel expense for retail operations.
EXP099,2025-05-31,OFFICE_SUPPLIES,3841.62,Nisi expense for retail operations.
EXP100,2025-05-17,PACKAGING,2269.26,Error expense for retail operations.
EXP101,2025-05-15,EQUIPMENT,6882.24,Tempora expense for retail operations.
EXP102,2025-05-12,RAW_MATERIALS,21576.34,Deserunt expense for retail operations.
EXP103,2025-05-06,OFFICE_SUPPLIES,12836.5,Laboriosam expense for retail operations.
EXP104,2025-05-19,OFFICE_SUPPLIES,23202.43,Quam expense for retail operations.
EXP105,2025-05-09,EQUIPMENT,23285.16,Nisi expense for retail operations.
EXP106,2025-05-11,OFFICE_SUPPLIES,8677.7,Tenetur expense for retail operations.
EXP107,2025-05-14,OFFICE_SUPPLIES,4962.01,Pariatur expense for retail operations.
EXP108,2025-05-22,FREIGHT,9841.54,Occaecati expense for retail operations.
EXP109,2025-05-27,OTHER,17001.23,Iure expense for retail operations.
EXP110,2025-05-12,MARKETING,9037.76,Id expense for retail operations.
EXP111,2025-05-18,PACKAGING,8154.91,Necessitatibus expense for retail operations.
EXP112,2025-05-01,FREIGHT,23050.49,Maxime expense for retail operations.
EXP113,2025-05-26,RAW_MATERIALS,22507.73,Quod expense for retail operations.
EXP114,2025-05-23,MARKETING,16587.24,Neque expense for retail operations.
EXP115,2025-05-08,PACKAGING,24838.68,Cumque expense for retail operations.
EXP116,2025-05-15,OTHER,6798.87,Perferendis expense for retail operations.
EXP117,2025-05-17,EQUIPMENT,10558.33,Doloremque expense for retail operations.
EXP118,2025-05-05,RAW_MATERIALS,4064.08,Quod expense for retail operations.
EXP119,2025-05-11,FREIGHT,11234.2,Unde expense for retail operations.
EXP120,2025-05-20,RAW_MATERIALS,20355.62,Ipsa expense for retail operations.
EXP121,2025-05-07,FREIGHT,7643.5,Officiis expense for retail operations.
EXP122,2025-05-25,FREIGHT,12211.99,Ullam expense for retail operations.
EXP123,2025-05-23,OTHER,7184.14,Aliquam expense for retail operations.
EXP124,2025-05-07,OFFICE_SUPPLIES,13140.63,Excepturi expense for retail operations.
EXP125,2025-05-07,RAW_MATERIALS,9118.12,Illum expense for retail operations.
EXP126,2025-05-06,PACKAGING,9090.26,Harum expense for retail operations.
EXP127,2025-05-08,FREIGHT,14538.34,Nihil expense for retail operations.
EXP128,2025-05-03,PACKAGING,9324.12,Tempore expense for retail operations.
EXP129,2025-05-22,FREIGHT,11156.97,Esse expense for retail operations.
EXP130,2025-05-24,EQUIPMENT,19450.93,Est expense for retail operations.
EXP131,2025-05-28,PACKAGING,11103.63,Ea expense for retail operations.
EXP132,2025-05-07,OTHER,22787.16,Illo expense for retail operations.
EXP133,2025-05-31,EQUIPMENT,4520.6,Minus expense for retail operations.
EXP134,2025-05-02,MARKETING,1778.53,Libero expense for retail operations.
EXP135,2025-05-15,PACKAGING,2632.96,Totam expense for retail operations.
EXP136,2025-05-02,RAW_MATERIALS,12264.19,Velit expense for retail operations.
EXP137,2025-05-04,MARKETING,20014.69,Neque expense for retail operations.
EXP138,2025-05-04,RAW_MATERIALS,17253.13,Quia expense for retail operations.
EXP139,2025-05-30,OFFICE_SUPPLIES,2151.69,Id expense for retail operations.
EXP140,2025-05-20,OFFICE_SUPPLIES,8657.04,At expense for retail operations.
EXP141,2025-05-07,MARKETING,1787.75,Iusto expense for retail operations.
EXP142,2025-05-05,EQUIPMENT,8849.95,Impedit expense for retail operations.
EXP143,2025-05-04,PACKAGING,5650.39,Neque expense for retail operations.
EXP144,2025-05-04,OTHER,9773.45,Eligendi expense for retail operations.
EXP145,2025-05-06,OFFICE_SUPPLIES,3394.45,Iusto expense for retail operations.
EXP146,2025-05-13,FREIGHT,20923.65,Cumque expense for retail operations.
EXP147,2025-05-17,PACKAGING,11287.12,Omnis expense for retail operations.
EXP148,2025-05-06,EQUIPMENT,15485.78,Ipsam expense for retail operations.
EXP149,2025-05-30,MARKETING,1916.44,Possimus expense for retail operations.
EXP150,2025-05-03,PACKAGING,4945.95,Enim expense for retail operations.
EXP151,2025-05-31,EQUIPMENT,23464.76,Ipsam expense for retail operations.
EXP152,2025-05-31,PACKAGING,16417.96,Atque expense for retail operations.
EXP153,2025-05-29,EQUIPMENT,4564.96,Quam expense for retail operations.
EXP154,2025-05-01,EQUIPMENT,19752.66,Maiores expense for retail operations.
EXP155,2025-05-17,FREIGHT,19051.83,Corrupti expense for retail operations.
EXP156,2025-05-31,FREIGHT,7105.4,Praesentium expense for retail operations.
EXP157,2025-05-13,FREIGHT,21402.45,Nam expense for retail operations.
EXP158,2025-05-03,PACKAGING,20280.55,Reiciendis expense for retail operations.
EXP159,2025-05-23,FREIGHT,8039.53,Veniam expense for retail operations.
EXP160,2025-05-10,EQUIPMENT,19369.37,Molestiae expense for retail operations.
EXP161,2025-05-07,FREIGHT,4172.49,Magnam expense for retail operations.
EXP162,2025-05-17,MARKETING,15326.31,Voluptatibus expense for retail operations.
EXP163,2025-05-18,MARKETING,23505.51,Recusandae expense for retail operations.
EXP164,2025-05-16,MARKETING,7362.89,Magni expense for retail operations.
EXP165,2025-05-09,FREIGHT,5667.77,Repellendus expense for retail operations.
EXP166,2025-05-02,OFFICE_SUPPLIES,14656.62,Nemo expense for retail operations.
EXP167,2025-05-11,MARKETING,21864.97,Itaque expense for retail operations.
EXP168,2025-05-04,OFFICE_SUPPLIES,5173.66,Neque expense for retail operations.
EXP169,2025-05-15,MARKETING,13686.6,Accusantium expense for retail operations.
EXP170,2025-05-03,OFFICE_SUPPLIES,22483.34,Animi expense for retail operations.
EXP171,2025-05-20,OFFICE_SUPPLIES,18943.23,Tempore expense for retail operations.
EXP172,2025-05-12,EQUIPMENT,2257.89,Eum expense for retail operations.
EXP173,2025-05-21,OFFICE_SUPPLIES,20370.64,Voluptatibus expense for retail operations.
EXP174,2025-05-13,OFFICE_SUPPLIES,4786.82,Est expense for retail operations.
EXP175,2025-05-20,OFFICE_SUPPLIES,7541.9,Occaecati expense for retail operations.
EXP176,2025-05-08,MARKETING,24583.1,Ipsam expense for retail operations.
EXP177,2025-05-16,PACKAGING,12309.59,Dolor expense for retail operations.
EXP178,2025-05-06,PACKAGING,15582.8,Ducimus expense for retail operations.
EXP179,2025-05-14,OFFICE_SUPPLIES,20905.29,Reiciendis expense for retail operations.
EXP180,2025-05-20,EQUIPMENT,22188.75,Nam expense for retail operations.
EXP181,2025-05-29,EQUIPMENT,6513.66,Fugit expense for retail operations.
EXP182,2025-05-29,OFFICE_SUPPLIES,22246.25,Quas expense for retail operations.
EXP183,2025-05-17,FREIGHT,18349.52,Facere expense for retail operations.
EXP184,2025-05-13,MARKETING,5081.78,Tempore expense for retail operations.
EXP185,2025-05-02,EQUIPMENT,2640.63,Deserunt expense for retail operations.
EXP186,2025-05-03,EQUIPMENT,20630.19,Commodi expense for retail operations.
EXP187,2025-05-31,RAW_MATERIALS,6115.45,Accusamus expense for retail operations.
EXP188,2025-05-07,MARKETING,8366.31,Recusandae expense for retail operations.
EXP189,2025-05-31,EQUIPMENT,14767.03,Dolore expense for retail operations.
EXP190,2025-05-24,FREIGHT,13539.3,Ea expense for retail operations.
EXP191,2025-05-29,RAW_MATERIALS,5831.2,Debitis expense for retail operations.
EXP192,2025-05-21,RAW_MATERIALS,1666.94,Itaque expense for retail operations.
EXP193,2025-05-15,EQUIPMENT,11832.08,Consectetur expense for retail operations.
EXP194,2025-05-10,FREIGHT,18334.9,Fuga expense for retail operations.
EXP195,2025-05-21,FREIGHT,22291.72,Labore expense for retail operations.
EXP196,2025-05-20,OFFICE_SUPPLIES,11487.08,Libero expense for retail operations.
EXP197,2025-05-13,OTHER,5991.55,Perferendis expense for retail operations.
EXP198,2025-05-23,PACKAGING,14013.63,Repudiandae expense for retail operations.
EXP199,2025-05-09,MARKETING,15788.61,Tempora expense for retail operations.
EXP200,2025-05-20,RAW_MATERIALS,16775.1,Maxime expense for retail operations.
EXP201,2025-05-19,PACKAGING,2221.8,Eius expense for retail operations.
EXP202,2025-05-28,PACKAGING,3657.81,Odit expense for retail operations.
EXP203,2025-05-17,FREIGHT,19640.77,Temporibus expense for retail operations.
EXP204,2025-05-05,FREIGHT,11179.29,Delectus expense for retail operations.
EXP205,2025-05-28,OTHER,7619.93,Eum expense for retail operations.
EXP206,2025-05-25,EQUIPMENT,6697.66,Placeat expense for retail operations.
EXP207,2025-05-08,RAW_MATERIALS,21807.57,Nam expense for retail operations.
EXP208,2025-05-11,EQUIPMENT,19084.35,Neque expense for retail operations.
EXP209,2025-05-09,MARKETING,2365.88,Aperiam expense for retail operations.
EXP210,2025-05-27,RAW_MATERIALS,9121.16,Fugit expense for retail operations.
EXP211,2025-05-17,RAW_MATERIALS,17974.81,Atque expense for retail operations.
EXP212,2025-05-21,MARKETING,5892.18,Id expense for retail operations.
EXP213,2025-05-11,OFFICE_SUPPLIES,17153.73,Dicta expense for retail operations.
EXP214,2025-05-10,OTHER,24290.6,Nobis expense for retail operations.
EXP215,2025-05-30,EQUIPMENT,19425.38,Inventore expense for retail operations.
EXP216,2025-05-10,RAW_MATERIALS,2083.05,Error expense for retail operations.
EXP217,2025-05-20,MARKETING,13092.13,Aspernatur expense for retail operations.
EXP218,2025-05-05,OTHER,15473.05,Ea expense for retail operations.
EXP219,2025-05-16,RAW_MATERIALS,6936.27,Sit expense for retail operations.
EXP220,2025-05-24,OFFICE_SUPPLIES,18239.38,Optio expense for retail operations.
EXP221,2025-05-21,OTHER,10746.33,Aperiam expense for retail operations.
EXP222,2025-05-15,OFFICE_SUPPLIES,14825.46,Quisquam expense for retail operations.
EXP223,2025-05-18,OFFICE_SUPPLIES,24880.82,Autem expense for retail operations.
EXP224,2025-05-04,PACKAGING,23164.32,Est expense for retail operations.
EXP225,2025-05-27,MARKETING,12566.12,Placeat expense for retail operations.
EXP226,2025-05-28,EQUIPMENT,15563.36,Dolor expense for retail operations.
EXP227,2025-05-31,EQUIPMENT,5101.14,Dolorum expense for retail operations.
EXP228,2025-05-28,PACKAGING,16098.72,Rerum expense for retail operations.
EXP229,2025-05-26,OFFICE_SUPPLIES,3374.73,Ratione expense for retail operations.
EXP230,2025-05-14,OFFICE_SUPPLIES,18893.52,Dicta expense for retail operations.
EXP231,2025-05-17,MARKETING,12079.27,Cupiditate expense for retail operations.
EXP232,2025-05-18,MARKETING,21301.62,Ad expense for retail operations.
EXP233,2025-05-11,OFFICE_SUPPLIES,17217.51,Sit expense for retail operations.
EXP234,2025-05-10,EQUIPMENT,10846.73,Eligendi expense for retail operations.
EXP235,2025-05-05,EQUIPMENT,15723.76,Magni expense for retail operations.
EXP236,2025-05-30,OTHER,3060.17,Tempore expense for retail operations.
EXP237,2025-05-04,FREIGHT,24494.13,Distinctio expense for retail operations.
EXP238,2025-05-18,OFFICE_SUPPLIES,19754.15,Ipsa expense for retail operations.
EXP239,2025-05-06,MARKETING,20925.8,Velit expense for retail operations.
EXP240,2025-05-05,FREIGHT,6631.55,Eaque expense for retail operations.
EXP241,2025-05-30,OFFICE_SUPPLIES,6837.67,Sequi expense for retail operations.
EXP242,2025-05-19,FREIGHT,3508.89,Dolor expense for retail operations.
EXP243,2025-05-19,OFFICE_SUPPLIES,21799.31,Doloremque expense for retail operations.
EXP244,2025-05-17,PACKAGING,17257.55,Sequi expense for retail operations.
EXP245,2025-05-16,MARKETING,12109.06,Tempore expense for retail operations.
EXP246,2025-05-11,OTHER,23712.75,Maxime expense for retail operations.
EXP247,2025-05-19,EQUIPMENT,16828.65,Aliquid expense for retail operations.
EXP248,2025-05-28,OTHER,6851.22,Commodi expense for retail operations.
EXP249,2025-05-19,OTHER,17302.31,Veniam expense for retail operations.
EXP250,2025-05-31,EQUIPMENT,6775.06,Vel expense for retail operations.
EXP251,2025-05-08,RAW_MATERIALS,22788.44,Inventore expense for retail operations.
EXP252,2025-05-24,EQUIPMENT,5952.52,Reiciendis expense for retail operations.
EXP253,2025-05-12,PACKAGING,5553.35,Mollitia expense for retail operations.
EXP254,2025-05-21,MARKETING,3928.13,Deleniti expense for retail operations.
EXP255,2025-05-02,EQUIPMENT,3415.97,Quos expense for retail operations.
EXP256,2025-05-23,OFFICE_SUPPLIES,12534.46,Facilis expense for retail operations.
EXP257,2025-05-28,FREIGHT,17241.27,Alias expense for retail operations.
EXP258,2025-05-07,OTHER,12990.12,Officia expense for retail operations.
EXP259,2025-05-23,EQUIPMENT,18304.31,Non expense for retail operations.
EXP260,2025-05-22,OFFICE_SUPPLIES,22068.27,Veritatis expense for retail operations.
EXP261,2025-05-24,PACKAGING,1675.0,Tenetur expense for retail operations.
EXP262,2025-05-17,PACKAGING,13086.8,Vel expense for retail operations.
EXP263,2025-05-27,FREIGHT,20058.06,Rerum expense for retail operations.
EXP264,2025-05-03,OTHER,23436.2,Iure expense for retail operations.
EXP265,2025-05-16,MARKETING,13435.85,Eius expense for retail operations.
EXP266,2025-05-21,RAW_MATERIALS,17794.87,Sed expense for retail operations.
EXP267,2025-05-22,MARKETING,18079.03,Asperiores expense for retail operations.
EXP268,2025-05-19,PACKAGING,2964.32,Quisquam expense for retail operations.
EXP269,2025-05-28,OTHER,24901.45,Omnis expense for retail operations.
EXP270,2025-05-29,FREIGHT,16362.48,Quidem expense for retail operations.
EXP271,2025-05-30,RAW_MATERIALS,5870.95,Error expense for retail operations.
EXP272,2025-05-20,RAW_MATERIALS,5631.13,Unde expense for retail operations.
EXP273,2025-05-05,EQUIPMENT,19550.0,Unde expense for retail operations.
EXP274,2025-05-04,PACKAGING,9094.64,Impedit expense for retail operations.
EXP275,2025-05-02,PACKAGING,3214.57,Praesentium expense for retail operations.
EXP276,2025-05-15,OTHER,2110.27,Necessitatibus expense for retail operations.
EXP277,2025-05-14,RAW_MATERIALS,18868.42,Officia expense for retail operations.
EXP278,2025-05-20,RAW_MATERIALS,12690.73,Vitae expense for retail operations.
EXP279,2025-05-18,MARKETING,12275.69,Soluta expense for retail operations.
EXP280,2025-05-19,OFFICE_SUPPLIES,14185.91,Alias expense for retail operations.
EXP281,2025-05-18,EQUIPMENT,21620.88,Architecto expense for retail operations.
EXP282,2025-05-26,OTHER,22834.28,Nulla expense for retail operations.
EXP283,2025-05-21,MARKETING,3275.15,Quae expense for retail operations.
EXP284,2025-05-29,OTHER,24735.65,Dolor expense for retail operations.
EXP285,2025-05-24,FREIGHT,9993.95,Ipsa expense for retail operations.
EXP286,2025-05-02,FREIGHT,16170.84,Incidunt expense for retail operations.
EXP287,2025-05-29,FREIGHT,8859.74,Natus expense for retail operations.
EXP288,2025-05-01,RAW_MATERIALS,24153.41,Non expense for retail operations.
EXP289,2025-05-14,FREIGHT,13095.03,Mollitia expense for retail operations.
EXP290,2025-05-23,FREIGHT,16374.17,Minus expense for retail operations.
EXP291,2025-05-13,OTHER,17308.28,Sequi expense for retail operations.
EXP292,2025-05-19,MARKETING,15267.9,Ipsa expense for retail operations.
EXP293,2025-05-21,PACKAGING,24633.85,Voluptas expense for retail operations.
EXP294,2025-05-13,EQUIPMENT,13048.17,Ratione expense for retail operations.
EXP295,2025-05-17,MARKETING,21066.62,Est expense for retail operations.
EXP296,2025-05-28,OFFICE_SUPPLIES,13335.51,Non expense for retail operations.
EXP297,2025-05-15,FREIGHT,10486.98,Vitae expense for retail operations.
EXP298,2025-05-25,PACKAGING,17122.74,Ab expense for retail operations.
EXP299,2025-05-01,OTHER,24936.32,Vero expense for retail operations.
EXP300,2025-05-16,RAW_MATERIALS,18738.53,Recusandae expense for retail operations.
EXP301,2025-05-19,FREIGHT,1650.41,Tempora expense for retail operations.
EXP302,2025-05-14,OTHER,12878.49,Ipsa expense for retail operations.
EXP303,2025-05-09,OTHER,20040.04,Eos expense for retail operations.
EXP304,2025-05-30,MARKETING,24708.94,Quas expense for retail operations.
EXP305,2025-05-27,RAW_MATERIALS,19645.09,Nemo expense for retail operations.
EXP306,2025-05-14,RAW_MATERIALS,8874.62,Quae expense for retail operations.
EXP307,2025-05-08,OTHER,22797.97,Dolore expense for retail operations.
EXP308,2025-05-12,EQUIPMENT,21226.83,Vero expense for retail operations.
EXP309,2025-05-27,MARKETING,13000.11,Magnam expense for retail operations.
EXP310,2025-05-13,OFFICE_SUPPLIES,5502.39,Ad expense for retail operations.
EXP311,2025-05-11,PACKAGING,21307.02,Quia expense for retail operations.
EXP312,2025-05-31,EQUIPMENT,22345.79,Itaque expense for retail operations.
EXP313,2025-05-16,OTHER,9163.42,Iusto expense for retail operations.
EXP314,2025-05-22,OTHER,22286.06,Repellendus expense for retail operations.
EXP315,2025-05-17,MARKETING,13558.1,Ducimus expense for retail operations.
EXP316,2025-05-09,OTHER,12564.16,Iusto expense for retail operations.
EXP317,2025-05-05,OTHER,10368.1,Tempora expense for retail operations.
EXP318,2025-05-07,FREIGHT,6947.09,Nobis expense for retail operations.
EXP319,2025-05-27,MARKETING,3491.77,Doloremque expense for retail operations.
EXP320,2025-05-24,PACKAGING,12826.72,Rem expense for retail operations.
EXP321,2025-05-28,EQUIPMENT,3643.41,Perferendis expense for retail operations.
EXP322,2025-05-21,FREIGHT,4369.59,Ea expense for retail operations.
EXP323,2025-05-04,PACKAGING,8727.01,Minus expense for retail operations.
EXP324,2025-05-08,FREIGHT,17772.09,Modi expense for retail operations.
EXP325,2025-05-04,FREIGHT,18191.37,Recusandae expense for retail operations.
EXP326,2025-05-24,MARKETING,2956.46,Dignissimos expense for retail operations.
EXP327,2025-05-10,PACKAGING,16660.11,Eos expense for retail operations.
EXP328,2025-05-19,EQUIPMENT,19411.72,Dicta expense for retail operations.
EXP329,2025-05-03,MARKETING,20669.75,Itaque expense for retail operations.
EXP330,2025-05-02,RAW_MATERIALS,4044.47,Occaecati expense for retail operations.
EXP331,2025-05-07,EQUIPMENT,3454.0,Dolore expense for retail operations.
EXP332,2025-05-20,RAW_MATERIALS,20179.74,Placeat expense for retail operations.
EXP333,2025-05-01,MARKETING,11386.96,Exercitationem expense for retail operations.
EXP334,2025-05-10,FREIGHT,17968.09,Suscipit expense for retail operations.
EXP335,2025-05-29,EQUIPMENT,3214.08,Incidunt expense for retail operations.
EXP336,2025-05-15,EQUIPMENT,2979.73,Neque expense for retail operations.
EXP337,2025-05-29,OTHER,4548.29,Quis expense for retail operations.
EXP338,2025-05-06,EQUIPMENT,4621.81,Sequi expense for retail operations.
EXP339,2025-05-16,OTHER,23338.19,Doloremque expense for retail operations.
EXP340,2025-05-22,FREIGHT,15117.73,Pariatur expense for retail operations.
EXP341,2025-05-14,RAW_MATERIALS,4438.49,Aspernatur expense for retail operations.
EXP342,2025-05-31,FREIGHT,2844.01,Vero expense for retail operations.
EXP343,2025-05-21,EQUIPMENT,15792.93,Fugit expense for retail operations.
EXP344,2025-05-25,FREIGHT,5862.93,Omnis expense for retail operations.
EXP345,2025-05-15,OFFICE_SUPPLIES,13542.02,Dolorum expense for retail operations.
EXP346,2025-05-03,PACKAGING,11333.63,Earum expense for retail operations.
EXP347,2025-05-09,PACKAGING,20957.25,Veniam expense for retail operations.
EXP348,2025-05-07,FREIGHT,12846.33,Vero expense for retail operations.
EXP349,2025-05-11,RAW_MATERIALS,14654.64,Excepturi expense for retail operations.
EXP350,2025-05-03,FREIGHT,18618.32,Explicabo expense for retail operations.
EXP351,2025-05-25,EQUIPMENT,5432.79,Tempore expense for retail operations.
EXP352,2025-05-27,RAW_MATERIALS,18945.8,Explicabo expense for retail operations.
EXP353,2025-05-08,MARKETING,20514.19,Non expense for retail operations.
EXP354,2025-05-31,PACKAGING,15334.08,Nesciunt expense for retail operations.
EXP355,2025-05-15,RAW_MATERIALS,10230.14,Nam expense for retail operations.
EXP356,2025-05-18,RAW_MATERIALS,2380.75,Corporis expense for retail operations.
EXP357,2025-05-01,MARKETING,16206.01,Aperiam expense for retail operations.
EXP358,2025-05-03,OFFICE_SUPPLIES,14380.96,Libero expense for retail operations.
EXP359,2025-05-12,OFFICE_SUPPLIES,14928.7,Consequuntur expense for retail operations.
EXP360,2025-05-24,OTHER,19055.98,In expense for retail operations.
EXP361,2025-05-30,OTHER,6807.32,Sapiente expense for retail operations.
EXP362,2025-05-25,OFFICE_SUPPLIES,21657.53,Molestiae expense for retail operations.
EXP363,2025-05-07,PACKAGING,2423.37,Commodi expense for retail operations.
EXP364,2025-05-07,MARKETING,13920.92,Quisquam expense for retail operations.
EXP365,2025-05-14,PACKAGING,1609.51,Architecto expense for retail operations.
EXP366,2025-05-10,PACKAGING,19109.9,Minus expense for retail operations.
EXP367,2025-05-21,RAW_MATERIALS,23456.82,Quam expense for retail operations.
EXP368,2025-05-16,OFFICE_SUPPLIES,6514.85,Nam expense for retail operations.
EXP369,2025-05-23,EQUIPMENT,16307.46,Dolores expense for retail operations.
EXP370,2025-05-21,FREIGHT,18939.26,Provident expense for retail operations.
EXP371,2025-05-11,FREIGHT,1923.72,Quo expense for retail operations.
EXP372,2025-05-17,RAW_MATERIALS,13013.98,Molestiae expense for retail operations.
EXP373,2025-05-11,PACKAGING,8007.22,Quasi expense for retail operations.
EXP374,2025-05-01,FREIGHT,2618.37,Voluptatem expense for retail operations.
EXP375,2025-05-30,MARKETING,16559.51,Quasi expense for retail operations.
EXP376,2025-05-10,OTHER,16668.21,Optio expense for retail operations.
EXP377,2025-05-01,MARKETING,17811.79,Sint expense for retail operations.
EXP378,2025-05-30,RAW_MATERIALS,14898.21,Dolores expense for retail operations.
EXP379,2025-05-28,OTHER,4589.72,Fugit expense for retail operations.
EXP380,2025-05-14,OTHER,13491.13,Explicabo expense for retail operations.
EXP381,2025-05-31,MARKETING,22575.84,Sed expense for retail operations.
EXP382,2025-05-15,FREIGHT,5027.92,Facere expense for retail operations.
EXP383,2025-05-15,OFFICE_SUPPLIES,16287.47,Ad expense for retail operations.
EXP384,2025-05-05,RAW_MATERIALS,2862.8,Exercitationem expense for retail operations.
EXP385,2025-05-02,OTHER,2959.93,Vero expense for retail operations.
EXP386,2025-05-13,MARKETING,14193.26,Totam expense for retail operations.
EXP387,2025-05-29,RAW_MATERIALS,5838.21,Veritatis expense for retail operations.
EXP388,2025-05-25,FREIGHT,16534.08,Soluta expense for retail operations.
EXP389,2025-05-13,FREIGHT,8312.26,Magni expense for retail operations.
EXP390,2025-05-28,RAW_MATERIALS,21176.24,Blanditiis expense for retail operations.
EXP391,2025-05-17,MARKETING,11476.8,Quasi expense for retail operations.
EXP392,2025-05-15,FREIGHT,19512.22,Nobis expense for retail operations.
EXP393,2025-05-14,RAW_MATERIALS,18187.49,Soluta expense for retail operations.
EXP394,2025-05-25,OFFICE_SUPPLIES,23671.81,Voluptatum expense for retail operations.
EXP395,2025-05-07,EQUIPMENT,7444.76,Iste expense for retail operations.
EXP396,2025-05-09,OFFICE_SUPPLIES,10340.74,Nesciunt expense for retail operations.
EXP397,2025-05-16,OTHER,11345.31,Commodi expense for retail operations.
EXP398,2025-05-18,EQUIPMENT,19167.25,Eum expense for retail operations.
EXP399,2025-05-27,MARKETING,22769.11,Vel expense for retail operations.
EXP400,2025-05-20,RAW_MATERIALS,3384.88,In expense for retail operations.
EXP401,2025-05-04,FREIGHT,20565.95,Fugit expense for retail operations.
EXP402,2025-05-21,OFFICE_SUPPLIES,8371.12,Architecto expense for retail operations.
EXP403,2025-05-15,FREIGHT,5292.28,Ratione expense for retail operations.
EXP404,2025-05-02,FREIGHT,12436.5,Quis expense for retail operations.
EXP405,2025-05-30,FREIGHT,18615.61,Eum expense for retail operations.
EXP406,2025-05-15,RAW_MATERIALS,7007.39,Voluptatem expense for retail operations.
EXP407,2025-05-10,PACKAGING,11554.14,Ullam expense for retail operations.
EXP408,2025-05-23,OFFICE_SUPPLIES,8067.03,Ex expense for retail operations.
EXP409,2025-05-17,MARKETING,23612.46,Consequuntur expense for retail operations.
EXP410,2025-05-28,MARKETING,21781.85,Quisquam expense for retail operations.
EXP411,2025-05-25,OFFICE_SUPPLIES,24394.75,Expedita expense for retail operations.
EXP412,2025-05-27,OFFICE_SUPPLIES,10365.01,Quisquam expense for retail operations.
EXP413,2025-05-16,MARKETING,21225.55,Aliquam expense for retail operations.
EXP414,2025-05-07,MARKETING,4693.85,Cupiditate expense for retail operations.
EXP415,2025-05-14,OTHER,22798.07,Nam expense for retail operations.
EXP416,2025-05-10,RAW_MATERIALS,20741.76,Repellendus expense for retail operations.
EXP417,2025-05-10,RAW_MATERIALS,23671.72,Eaque expense for retail operations.
EXP418,2025-05-09,MARKETING,11985.82,Fugiat expense for retail operations.
EXP419,2025-05-22,FREIGHT,23763.64,Optio expense for retail operations.
EXP420,2025-05-12,EQUIPMENT,15319.42,Nihil expense for retail operations.
EXP421,2025-05-17,EQUIPMENT,24624.9,Reprehenderit expense for retail operations.
EXP422,2025-05-01,OFFICE_SUPPLIES,5035.46,Atque expense for retail operations.
EXP423,2025-05-23,OFFICE_SUPPLIES,8065.3,Deleniti expense for retail operations.
EXP424,2025-05-26,RAW_MATERIALS,8091.43,Tenetur expense for retail operations.
EXP425,2025-05-07,OTHER,12965.43,Enim expense for retail operations.
EXP426,2025-05-23,EQUIPMENT,19734.68,Possimus expense for retail operations.
EXP427,2025-05-06,RAW_MATERIALS,11809.39,Possimus expense for retail operations.
EXP428,2025-05-02,FREIGHT,16075.83,Sed expense for retail operations.
EXP429,2025-05-17,OFFICE_SUPPLIES,6211.78,Expedita expense for retail operations.
EXP430,2025-05-05,MARKETING,12761.82,Suscipit expense for retail operations.
EXP431,2025-05-21,FREIGHT,22339.73,Similique expense for retail operations.
EXP432,2025-05-12,OTHER,17631.58,Quod expense for retail operations.
EXP433,2025-05-13,PACKAGING,17784.24,A expense for retail operations.
EXP434,2025-05-17,PACKAGING,17328.8,Consectetur expense for retail operations.
EXP435,2025-05-29,PACKAGING,21875.45,Veniam expense for retail operations.
EXP436,2025-05-25,OTHER,13969.73,Dolore expense for retail operations.
EXP437,2025-05-02,OFFICE_SUPPLIES,10054.69,Dolore expense for retail operations.
EXP438,2025-05-05,MARKETING,18637.55,Aliquam expense for retail operations.
EXP439,2025-05-03,FREIGHT,6256.62,Autem expense for retail operations.
EXP440,2025-05-25,PACKAGING,15636.36,Molestiae expense for retail operations.
EXP441,2025-05-06,OTHER,22630.77,Esse expense for retail operations.
EXP442,2025-05-12,PACKAGING,16982.79,Consequatur expense for retail operations.
EXP443,2025-05-02,MARKETING,2036.41,Provident expense for retail operations.
EXP444,2025-05-13,EQUIPMENT,22096.27,Maiores expense for retail operations.
EXP445,2025-05-22,OFFICE_SUPPLIES,24604.3,Ducimus expense for retail operations.
EXP446,2025-05-05,FREIGHT,14042.34,Aliquam expense for retail operations.
EXP447,2025-05-05,OTHER,23580.47,Ab expense for retail operations.
EXP448,2025-05-08,OTHER,7480.0,Sunt expense for retail operations.
EXP449,2025-05-01,RAW_MATERIALS,23219.82,Dolor expense for retail operations.
EXP450,2025-05-20,FREIGHT,9738.11,Excepturi expense for retail operations.
EXP451,2025-05-28,FREIGHT,2850.45,Repellendus expense for retail operations.
EXP452,2025-05-04,PACKAGING,21474.05,Consequuntur expense for retail operations.
EXP453,2025-05-04,OTHER,14246.2,Maiores expense for retail operations.
EXP454,2025-05-01,EQUIPMENT,3313.69,Distinctio expense for retail operations.
EXP455,2025-05-07,EQUIPMENT,16441.34,Esse expense for retail operations.
EXP456,2025-05-11,OTHER,8023.34,Aut expense for retail operations.
EXP457,2025-05-29,FREIGHT,8021.24,Earum expense for retail operations.
EXP458,2025-05-06,MARKETING,15453.98,Exercitationem expense for retail operations.
EXP459,2025-05-15,FREIGHT,11781.08,Nam expense for retail operations.
EXP460,2025-05-24,FREIGHT,12775.76,Tempore expense for retail operations.
EXP461,2025-05-11,EQUIPMENT,10643.02,Vitae expense for retail operations.
EXP462,2025-05-19,FREIGHT,18226.04,Esse expense for retail operations.
EXP463,2025-05-02,RAW_MATERIALS,23157.18,Veritatis expense for retail operations.
EXP464,2025-05-11,OTHER,20182.78,Atque expense for retail operations.
EXP465,2025-05-24,EQUIPMENT,21231.11,Illum expense for retail operations.
EXP466,2025-05-16,PACKAGING,12827.19,Ab expense for retail operations.
EXP467,2025-05-13,PACKAGING,12265.89,Rerum expense for retail operations.
EXP468,2025-05-16,FREIGHT,13546.85,Quod expense for retail operations.
EXP469,2025-05-15,PACKAGING,18363.21,Dolorum expense for retail operations.
EXP470,2025-05-06,MARKETING,15682.18,Beatae expense for retail operations.
EXP471,2025-05-02,EQUIPMENT,18371.23,Doloremque expense for retail operations.
EXP472,2025-05-31,MARKETING,20315.45,Placeat expense for retail operations.
EXP473,2025-05-01,EQUIPMENT,22286.64,Aperiam expense for retail operations.
EXP474,2025-05-18,PACKAGING,10366.79,Ducimus expense for retail operations.
EXP475,2025-05-25,OTHER,13030.9,Exercitationem expense for retail operations.
EXP476,2025-05-10,PACKAGING,20381.52,Cupiditate expense for retail operations.
EXP477,2025-05-26,FREIGHT,7347.21,Quo expense for retail operations.
EXP478,2025-05-15,PACKAGING,11997.62,Saepe expense for retail operations.
EXP479,2025-05-20,OFFICE_SUPPLIES,14736.0,Nobis expense for retail operations.
EXP480,2025-05-26,FREIGHT,14321.88,Perspiciatis expense for retail operations.
EXP481,2025-05-18,PACKAGING,7171.53,Ea expense for retail operations.
EXP482,2025-05-30,MARKETING,23786.33,Aliquid expense for retail operations.
EXP483,2025-05-06,MARKETING,3638.88,Culpa expense for retail operations.
EXP484,2025-05-19,FREIGHT,24822.74,Ducimus expense for retail operations.
EXP485,2025-05-19,OTHER,22446.87,Soluta expense for retail operations.
EXP486,2025-05-16,EQUIPMENT,3756.42,Laudantium expense for retail operations.
EXP487,2025-05-25,OTHER,8439.98,Sed expense for retail operations.
EXP488,2025-05-28,PACKAGING,12077.08,Ad expense for retail operations.
EXP489,2025-05-02,MARKETING,18328.85,Exercitationem expense for retail operations.
EXP490,2025-05-08,OTHER,3111.83,Consequuntur expense for retail operations.
EXP491,2025-05-01,MARKETING,20385.7,Ut expense for retail operations.
EXP492,2025-05-17,PACKAGING,1847.67,Odit expense for retail operations.
EXP493,2025-05-25,EQUIPMENT,23248.22,Placeat expense for retail operations.
EXP494,2025-05-18,EQUIPMENT,4451.59,Tempora expense for retail operations.
EXP495,2025-05-26,PACKAGING,12156.37,Ipsum expense for retail operations.
EXP496,2025-05-16,MARKETING,24125.36,Natus expense for retail operations.
EXP497,2025-05-21,RAW_MATERIALS,4068.44,Repellat expense for retail operations.
EXP498,2025-05-07,OTHER,17788.2,Voluptatem expense for retail operations.
EXP499,2025-05-03,OFFICE_SUPPLIES,24879.18,Voluptas expense for retail operations.
EXP500,2025-05-25,OFFICE_SUPPLIES,17519.58,Accusantium expense for retail operations.
